Workbook

Sheet LK_Kabkot
A1: PENGUKURAN KINERJA TRIWULANAN TAHUN 2026
A3: Satuan Kerja : | E3: BPS Kota Bima
A4: Nilai SAKIP 2026:
A5: Predikat SAKIP 2026: | E5: =IF(E4>90, "AA/Sangat Memuaskan", IF(E4>80, "A/Memuaskan", IF(E4>70, "BB/Sangat Baik", IF(E4>60, "B/Baik", IF(E4>50, "CC/Cukup (Memadai)", IF(E4>30, "C/Kurang", "D/Sangat Kurang"))))))
A7: Tujuan/Sasaran/Indikator Kinerja | H7: Jenis (IKU atau Proksi) | I7: Jenis (Triwulanan atau Tahunan) | J7: Jenis (% atau Non %) | K7: Target | L7: Satuan | M7: Alokasi Target (Kumulatif) | Q7: Realisasi (Kumulatif) | U7: Capaian Kinerja | AC7: Analisis Pencapaian Kinerja di Triwulan Berjalan | AJ7: Penilaian Kinerja Organisasi (PKO)
U8: Terhadap Target Triwulanan | Y8: Terhadap Target Setahun | AC8: Kendala yang dihadapi pada Ttriwulan Berjalan | AD8: Solusi yang sudah dilakukan pada Triwulan Berjalan | AE8: Rencana Tindak lanjut | AF8: PIC Tindak Lanjut | AG8: Batas Waktu Tindak lanjut | AH8: Link Bukti Dukung Kinerja | AI8: Link Bukti Dukung Tindak Lanjut Triwulan Sebelumnya | AJ8: Normalisasi Capaian PK (1) | AK8: Koreksi Normalisasi Capaian PK Berdasarkan Predikat AKIP (2) | AL8: Nilai Akhir Capaian PK = (1)x(100%-(2))
M9: TW I | N9: TW II | O9: TW III | P9: TW IV | Q9: TW I | R9: TW II | S9: TW III | T9: TW IV | U9: TW I | V9: TW II | W9: TW III | X9: TW IV | Y9: TW I | Z9: TW II | AA9: TW III | AB9: TW IV
A10: T1: Mewujudkan Perumusan Kebijakan dan Pengambilan Keputusan Berbasis Data Statistik Berkualitas dan Insight yang Relevan
B11: 1.1.1 | C11: Terwujudnya Penyediaan Data dan Insight Statistik Kependudukan dan Ketenagakerjaan yang Berkualitas
D12: 1.1.1.1 | E12: Persentase Publikasi/Laporan Statistik Kependudukan dan Ketenagakerjaan yang Berkualitas | H12: IKU | I12: Tahunan | J12: % | K12: =IF(OR(K14=0,ISBLANK(K14)),0,K13/K14*100) | L12: Persen | M12: =IF(OR(M14=0,ISBLANK(M14)),0,M13/M14*100) | N12: =IF(OR(N14=0,ISBLANK(N14)),0,N13/N14*100) | O12: =IF(OR(O14=0,ISBLANK(O14)),0,O13/O14*100) | P12: =IF(OR(P14=0,ISBLANK(P14)),0,P13/P14*100) | Q12: =IF(OR(Q14=0,ISBLANK(Q14)),0,Q13/Q14*100) | R12: =IF(OR(R14=0,ISBLANK(R14)),0,R13/R14*100) | S12: =IF(OR(S14=0,ISBLANK(S14)),0,S13/S14*100) | T12: =IF(OR(T14=0,ISBLANK(T14)),0,T13/T14*100) | U12: =IF(OR(M12=0, ISBLANK(M12)), 0, IF((Q12/M12*100)>120,120,(Q12/M12*100))) | V12: =IF(OR(N12=0, ISBLANK(N12)), 0, IF((R12/N12*100)>120,120,(R12/N12*100))) | W12: =IF(OR(O12=0, ISBLANK(O12)), 0, IF((S12/O12*100)>120,120,(S12/O12*100))) | X12: =IF(OR(P12=0, ISBLANK(P12)), 0, IF((T12/P12*100)>120,120,(T12/P12*100))) | Y12: =IF(OR($K12=0, ISBLANK($K12)), 0, IF((Q12/$K12*100)>120,120,(Q12/$K12*100))) | Z12: =IF(OR($K12=0, ISBLANK($K12)), 0, IF((R12/$K12*100)>120,120,(R12/$K12*100))) | AA12: =IF(OR($K12=0, ISBLANK($K12)), 0, IF((S12/$K12*100)>120,120,(S12/$K12*100))) | AB12: =IF(OR($K12=0, ISBLANK($K12)), 0, IF((T12/$K12*100)>120,120,(T12/$K12*100))) | AJ12: =IF(AB12>=110,"110",AB12) | AK12: =IF(E$5="AA/Sangat Memuaskan","0%",IF(E$5="A/Memuaskan","0%",IF(E$5="BB/Sangat Baik","10%",IF(E$5="B/Baik","15%",IF(E$5="CC/Cukup (Memadai)","20%",IF(E$5="C/Kurang","30%","30%")))))) | AL12: =AJ12*(100%-AK12)
E13: X: Jumlah Publikasi/Laporan Statistik Kependudukan dan Ketenagakerjaan yang berkualitas | K13: 2 | M13: 0 | N13: 0 | O13: 0 | P13: 2
E14: Y: Jumlah seluruh Publikasi/Laporan Statistik Kependudukan dan Ketenagakerjaan yang dihasilkan | K14: 2 | M14: 0 | N14: 0 | O14: 0 | P14: 2
B16: 1.1.3 | C16: Terwujudnya Penyediaan Data dan Insight Statistik Kesejahteraan Rakyat yang Berkualitas
D17: 1.1.3.1 | E17: Persentase Publikasi/Laporan Statistik Kesejahteraan Rakyat yang Berkualitas | H17: IKU | I17: Tahunan | J17: % | K17: =IF(OR(K19=0,ISBLANK(K19)),0,K18/K19*100) | L17: Persen | M17: =IF(OR(M19=0,ISBLANK(M19)),0,M18/M19*100) | N17: =IF(OR(N19=0,ISBLANK(N19)),0,N18/N19*100) | O17: =IF(OR(O19=0,ISBLANK(O19)),0,O18/O19*100) | P17: =IF(OR(P19=0,ISBLANK(P19)),0,P18/P19*100) | Q17: =IF(OR(Q19=0,ISBLANK(Q19)),0,Q18/Q19*100) | R17: =IF(OR(R19=0,ISBLANK(R19)),0,R18/R19*100) | S17: =IF(OR(S19=0,ISBLANK(S19)),0,S18/S19*100) | T17: =IF(OR(T19=0,ISBLANK(T19)),0,T18/T19*100) | U17: =IF(OR(M17=0, ISBLANK(M17)), 0, IF((Q17/M17*100)>120,120,(Q17/M17*100))) | V17: =IF(OR(N17=0, ISBLANK(N17)), 0, IF((R17/N17*100)>120,120,(R17/N17*100))) | W17: =IF(OR(O17=0, ISBLANK(O17)), 0, IF((S17/O17*100)>120,120,(S17/O17*100))) | X17: =IF(OR(P17=0, ISBLANK(P17)), 0, IF((T17/P17*100)>120,120,(T17/P17*100))) | Y17: =IF(OR($K17=0, ISBLANK($K17)), 0, IF((Q17/$K17*100)>120,120,(Q17/$K17*100))) | Z17: =IF(OR($K17=0, ISBLANK($K17)), 0, IF((R17/$K17*100)>120,120,(R17/$K17*100))) | AA17: =IF(OR($K17=0, ISBLANK($K17)), 0, IF((S17/$K17*100)>120,120,(S17/$K17*100))) | AB17: =IF(OR($K17=0, ISBLANK($K17)), 0, IF((T17/$K17*100)>120,120,(T17/$K17*100))) | AJ17: =IF(AB17>=110,"110",AB17) | AK17: =IF(E$5="AA/Sangat Memuaskan","0%",IF(E$5="A/Memuaskan","0%",IF(E$5="BB/Sangat Baik","10%",IF(E$5="B/Baik","15%",IF(E$5="CC/Cukup (Memadai)","20%",IF(E$5="C/Kurang","30%","30%")))))) | AL17: =AJ17*(100%-AK17)
E18: X: Jumlah Publikasi/Laporan Statistik Kesejahteraan Rakyat yang berkualitas | K18: 7 | M18: 0 | N18: 0 | O18: 0 | P18: 7
E19: Y: Jumlah seluruh Publikasi/Laporan Statistik Kesejahteraan Rakyat yang dihasilkan | K19: 7 | M19: 0 | N19: 0 | O19: 0 | P19: 7
B21: 1.1.5 | C21: Terwujudnya penyediaan Data dan Insight Statistik Ketahanan Sosial yang Berkualitas
D22: 1.1.5.1 | E22: Persentase Publikasi/Laporan Statistik Ketahanan Sosial yang Berkualitas | H22: IKU | I22: Tahunan | J22: % | K22: =IF(OR(K24=0,ISBLANK(K24)),0,K23/K24*100) | L22: Persen | M22: =IF(OR(M24=0,ISBLANK(M24)),0,M23/M24*100) | N22: =IF(OR(N24=0,ISBLANK(N24)),0,N23/N24*100) | O22: =IF(OR(O24=0,ISBLANK(O24)),0,O23/O24*100) | P22: =IF(OR(P24=0,ISBLANK(P24)),0,P23/P24*100) | Q22: =IF(OR(Q24=0,ISBLANK(Q24)),0,Q23/Q24*100) | R22: =IF(OR(R24=0,ISBLANK(R24)),0,R23/R24*100) | S22: =IF(OR(S24=0,ISBLANK(S24)),0,S23/S24*100) | T22: =IF(OR(T24=0,ISBLANK(T24)),0,T23/T24*100) | U22: =IF(OR(M22=0, ISBLANK(M22)), 0, IF((Q22/M22*100)>120,120,(Q22/M22*100))) | V22: =IF(OR(N22=0, ISBLANK(N22)), 0, IF((R22/N22*100)>120,120,(R22/N22*100))) | W22: =IF(OR(O22=0, ISBLANK(O22)), 0, IF((S22/O22*100)>120,120,(S22/O22*100))) | X22: =IF(OR(P22=0, ISBLANK(P22)), 0, IF((T22/P22*100)>120,120,(T22/P22*100))) | Y22: =IF(OR($K22=0, ISBLANK($K22)), 0, IF((Q22/$K22*100)>120,120,(Q22/$K22*100))) | Z22: =IF(OR($K22=0, ISBLANK($K22)), 0, IF((R22/$K22*100)>120,120,(R22/$K22*100))) | AA22: =IF(OR($K22=0, ISBLANK($K22)), 0, IF((S22/$K22*100)>120,120,(S22/$K22*100))) | AB22: =IF(OR($K22=0, ISBLANK($K22)), 0, IF((T22/$K22*100)>120,120,(T22/$K22*100))) | AJ22: =IF(AB22>=110,"110",AB22) | AK22: =IF(E$5="AA/Sangat Memuaskan","0%",IF(E$5="A/Memuaskan","0%",IF(E$5="BB/Sangat Baik","10%",IF(E$5="B/Baik","15%",IF(E$5="CC/Cukup (Memadai)","20%",IF(E$5="C/Kurang","30%","30%")))))) | AL22: =AJ22*(100%-AK22)
E23: X: Jumlah Publikasi/Laporan Statistik Ketahanan Sosial yang berkualitas | K23: 5 | M23: 0 | N23: 0 | O23: 0 | P23: 5
E24: Y: Jumlah seluruh Publikasi/Laporan Statistik Ketahanan Sosial yang dihasilkan | K24: 5 | M24: 0 | N24: 0 | O24: 0 | P24: 5
B26: 1.2.1 | C26: Terwujudnya Penyediaan Data dan Insight Statistik Sumber Daya Hayati yang Berkualitas
D27: 1.2.1.1 | E27: Persentase Publikasi/Laporan Statistik Sumber Daya Hayati yang Berkualitas | H27: IKU | I27: Tahunan | J27: % | K27: =IF(OR(K29=0,ISBLANK(K29)),0,K28/K29*100) | L27: Persen | M27: =IF(OR(M29=0,ISBLANK(M29)),0,M28/M29*100) | N27: =IF(OR(N29=0,ISBLANK(N29)),0,N28/N29*100) | O27: =IF(OR(O29=0,ISBLANK(O29)),0,O28/O29*100) | P27: =IF(OR(P29=0,ISBLANK(P29)),0,P28/P29*100) | Q27: =IF(OR(Q29=0,ISBLANK(Q29)),0,Q28/Q29*100) | R27: =IF(OR(R29=0,ISBLANK(R29)),0,R28/R29*100) | S27: =IF(OR(S29=0,ISBLANK(S29)),0,S28/S29*100) | T27: =IF(OR(T29=0,ISBLANK(T29)),0,T28/T29*100) | U27: =IF(OR(M27=0, ISBLANK(M27)), 0, IF((Q27/M27*100)>120,120,(Q27/M27*100))) | V27: =IF(OR(N27=0, ISBLANK(N27)), 0, IF((R27/N27*100)>120,120,(R27/N27*100))) | W27: =IF(OR(O27=0, ISBLANK(O27)), 0, IF((S27/O27*100)>120,120,(S27/O27*100))) | X27: =IF(OR(P27=0, ISBLANK(P27)), 0, IF((T27/P27*100)>120,120,(T27/P27*100))) | Y27: =IF(OR($K27=0, ISBLANK($K27)), 0, IF((Q27/$K27*100)>120,120,(Q27/$K27*100))) | Z27: =IF(OR($K27=0, ISBLANK($K27)), 0, IF((R27/$K27*100)>120,120,(R27/$K27*100))) | AA27: =IF(OR($K27=0, ISBLANK($K27)), 0, IF((S27/$K27*100)>120,120,(S27/$K27*100))) | AB27: =IF(OR($K27=0, ISBLANK($K27)), 0, IF((T27/$K27*100)>120,120,(T27/$K27*100))) | AJ27: =IF(AB27>=110,"110",AB27) | AK27: =IF(E$5="AA/Sangat Memuaskan","0%",IF(E$5="A/Memuaskan","0%",IF(E$5="BB/Sangat Baik","10%",IF(E$5="B/Baik","15%",IF(E$5="CC/Cukup (Memadai)","20%",IF(E$5="C/Kurang","30%","30%")))))) | AL27: =AJ27*(100%-AK27)
E28: X: Jumlah Publikasi/Laporan Statistik Sumber Daya Hayati yang berkualitas | K28: 7 | M28: 0 | N28: 0 | O28: 0 | P28: 7
E29: Y: Jumlah seluruh Publikasi/Laporan Statistik Sumber Daya Hayati yang dihasilkan | K29: 7 | M29: 7 | N29: 7 | O29: 7 | P29: 7
B31: 1.2.2 | C31: Terwujudnya Penyediaan Data dan Insight Statistik Sumber Daya Mineral dan Konstruksi yang Berkualitas
D32: 1.2.2.1 | E32: Persentase publikasi/laporan Statistik Sumber Daya Mineral dan Konstruksi yang Berkualitas | H32: IKU | I32: Tahunan | J32: % | K32: =IF(OR(K34=0,ISBLANK(K34)),0,K33/K34*100) | L32: Persen | M32: =IF(OR(M34=0,ISBLANK(M34)),0,M33/M34*100) | N32: =IF(OR(N34=0,ISBLANK(N34)),0,N33/N34*100) | O32: =IF(OR(O34=0,ISBLANK(O34)),0,O33/O34*100) | P32: =IF(OR(P34=0,ISBLANK(P34)),0,P33/P34*100) | Q32: =IF(OR(Q34=0,ISBLANK(Q34)),0,Q33/Q34*100) | R32: =IF(OR(R34=0,ISBLANK(R34)),0,R33/R34*100) | S32: =IF(OR(S34=0,ISBLANK(S34)),0,S33/S34*100) | T32: =IF(OR(T34=0,ISBLANK(T34)),0,T33/T34*100) | U32: =IF(OR(M32=0, ISBLANK(M32)), 0, IF((Q32/M32*100)>120,120,(Q32/M32*100))) | V32: =IF(OR(N32=0, ISBLANK(N32)), 0, IF((R32/N32*100)>120,120,(R32/N32*100))) | W32: =IF(OR(O32=0, ISBLANK(O32)), 0, IF((S32/O32*100)>120,120,(S32/O32*100))) | X32: =IF(OR(P32=0, ISBLANK(P32)), 0, IF((T32/P32*100)>120,120,(T32/P32*100))) | Y32: =IF(OR($K32=0, ISBLANK($K32)), 0, IF((Q32/$K32*100)>120,120,(Q32/$K32*100))) | Z32: =IF(OR($K32=0, ISBLANK($K32)), 0, IF((R32/$K32*100)>120,120,(R32/$K32*100))) | AA32: =IF(OR($K32=0, ISBLANK($K32)), 0, IF((S32/$K32*100)>120,120,(S32/$K32*100))) | AB32: =IF(OR($K32=0, ISBLANK($K32)), 0, IF((T32/$K32*100)>120,120,(T32/$K32*100))) | AJ32: =IF(AB32>=110,"110",AB32) | AK32: =IF(E$5="AA/Sangat Memuaskan","0%",IF(E$5="A/Memuaskan","0%",IF(E$5="BB/Sangat Baik","10%",IF(E$5="B/Baik","15%",IF(E$5="CC/Cukup (Memadai)","20%",IF(E$5="C/Kurang","30%","30%")))))) | AL32: =AJ32*(100%-AK32)
E33: X: Jumlah Publikasi/Laporan Statistik Sumber Daya Mineral dan Konstruksi yang berkualitas | K33: 3
E34: Y: Jumlah seluruh Publikasi/Laporan Statistik Sumber Daya Mineral dan Konstruksi yang dihasilkan yang dihasilkan | K34: 3
B36: 1.2.3 | C36: Terwujudnya penyediaan Data dan Insight Statistik Industri yang Berkualitas
D37: 1.2.3.1 | E37: Persentase publikasi/laporan Statistik Industri yang Berkualitas | H37: IKU | I37: Tahunan | J37: % | K37: =IF(OR(K39=0,ISBLANK(K39)),0,K38/K39*100) | L37: Persen | M37: =IF(OR(M39=0,ISBLANK(M39)),0,M38/M39*100) | N37: =IF(OR(N39=0,ISBLANK(N39)),0,N38/N39*100) | O37: =IF(OR(O39=0,ISBLANK(O39)),0,O38/O39*100) | P37: =IF(OR(P39=0,ISBLANK(P39)),0,P38/P39*100) | Q37: =IF(OR(Q39=0,ISBLANK(Q39)),0,Q38/Q39*100) | R37: =IF(OR(R39=0,ISBLANK(R39)),0,R38/R39*100) | S37: =IF(OR(S39=0,ISBLANK(S39)),0,S38/S39*100) | T37: =IF(OR(T39=0,ISBLANK(T39)),0,T38/T39*100) | U37: =IF(OR(M37=0, ISBLANK(M37)), 0, IF((Q37/M37*100)>120,120,(Q37/M37*100))) | V37: =IF(OR(N37=0, ISBLANK(N37)), 0, IF((R37/N37*100)>120,120,(R37/N37*100))) | W37: =IF(OR(O37=0, ISBLANK(O37)), 0, IF((S37/O37*100)>120,120,(S37/O37*100))) | X37: =IF(OR(P37=0, ISBLANK(P37)), 0, IF((T37/P37*100)>120,120,(T37/P37*100))) | Y37: =IF(OR($K37=0, ISBLANK($K37)), 0, IF((Q37/$K37*100)>120,120,(Q37/$K37*100))) | Z37: =IF(OR($K37=0, ISBLANK($K37)), 0, IF((R37/$K37*100)>120,120,(R37/$K37*100))) | AA37: =IF(OR($K37=0, ISBLANK($K37)), 0, IF((S37/$K37*100)>120,120,(S37/$K37*100))) | AB37: =IF(OR($K37=0, ISBLANK($K37)), 0, IF((T37/$K37*100)>120,120,(T37/$K37*100))) | AJ37: =IF(AB37>=110,"110",AB37) | AK37: =IF(E$5="AA/Sangat Memuaskan","0%",IF(E$5="A/Memuaskan","0%",IF(E$5="BB/Sangat Baik","10%",IF(E$5="B/Baik","15%",IF(E$5="CC/Cukup (Memadai)","20%",IF(E$5="C/Kurang","30%","30%")))))) | AL37: =AJ37*(100%-AK37)
E38: X: Jumlah Publikasi/Laporan Statistik Industri yang berkualitas | K38: 2
E39: Y: Jumlah seluruh Publikasi/Laporan Statistik Industri yang dihasilkan | K39: 2
B41: 1.3.1 | C41: Terwujudnya Penyediaan Data dan Insight Statistik Distribusi yang Berkualitas
D42: 1.3.1.1 | E42: Persentase Publikasi/Laporan Statistik Distribusi yang Berkualitas | H42: IKU | I42: Tahunan | J42: % | K42: =IF(OR(K44=0,ISBLANK(K44)),0,K43/K44*100) | L42: Persen | M42: =IF(OR(M44=0,ISBLANK(M44)),0,M43/M44*100) | N42: =IF(OR(N44=0,ISBLANK(N44)),0,N43/N44*100) | O42: =IF(OR(O44=0,ISBLANK(O44)),0,O43/O44*100) | P42: =IF(OR(P44=0,ISBLANK(P44)),0,P43/P44*100) | Q42: =IF(OR(Q44=0,ISBLANK(Q44)),0,Q43/Q44*100) | R42: =IF(OR(R44=0,ISBLANK(R44)),0,R43/R44*100) | S42: =IF(OR(S44=0,ISBLANK(S44)),0,S43/S44*100) | T42: =IF(OR(T44=0,ISBLANK(T44)),0,T43/T44*100) | U42: =IF(OR(M42=0, ISBLANK(M42)), 0, IF((Q42/M42*100)>120,120,(Q42/M42*100))) | V42: =IF(OR(N42=0, ISBLANK(N42)), 0, IF((R42/N42*100)>120,120,(R42/N42*100))) | W42: =IF(OR(O42=0, ISBLANK(O42)), 0, IF((S42/O42*100)>120,120,(S42/O42*100))) | X42: =IF(OR(P42=0, ISBLANK(P42)), 0, IF((T42/P42*100)>120,120,(T42/P42*100))) | Y42: =IF(OR($K42=0, ISBLANK($K42)), 0, IF((Q42/$K42*100)>120,120,(Q42/$K42*100))) | Z42: =IF(OR($K42=0, ISBLANK($K42)), 0, IF((R42/$K42*100)>120,120,(R42/$K42*100))) | AA42: =IF(OR($K42=0, ISBLANK($K42)), 0, IF((S42/$K42*100)>120,120,(S42/$K42*100))) | AB42: =IF(OR($K42=0, ISBLANK($K42)), 0, IF((T42/$K42*100)>120,120,(T42/$K42*100))) | AJ42: =IF(AB42>=110,"110",AB42) | AK42: =IF(E$5="AA/Sangat Memuaskan","0%",IF(E$5="A/Memuaskan","0%",IF(E$5="BB/Sangat Baik","10%",IF(E$5="B/Baik","15%",IF(E$5="CC/Cukup (Memadai)","20%",IF(E$5="C/Kurang","30%","30%")))))) | AL42: =AJ42*(100%-AK42)
E43: X: Jumlah Publikasi/Laporan Statistik Distribusi yang berkualitas | K43: 9 | M43: 0 | N43: 0 | O43: 0 | P43: 9
E44: Y: Jumlah seluruh Publikasi/Laporan Statistik Distribusi yang dihasilkan | K44: 9 | M44: 0 | N44: 0 | O44: 0 | P44: 9
B46: 1.3.3 | C46: Terwujudnya Penyediaan Data dan Insight Statistik Harga yang Berkualitas
D47: 1.3.3.1 | E47: Persentase Publikasi/laporan Statistik Harga yang Berkualitas | H47: IKU | I47: Tahunan | J47: % | K47: =IF(OR(K49=0,ISBLANK(K49)),0,K48/K49*100) | L47: Persen | M47: =IF(OR(M49=0,ISBLANK(M49)),0,M48/M49*100) | N47: =IF(OR(N49=0,ISBLANK(N49)),0,N48/N49*100) | O47: =IF(OR(O49=0,ISBLANK(O49)),0,O48/O49*100) | P47: =IF(OR(P49=0,ISBLANK(P49)),0,P48/P49*100) | Q47: =IF(OR(Q49=0,ISBLANK(Q49)),0,Q48/Q49*100) | R47: =IF(OR(R49=0,ISBLANK(R49)),0,R48/R49*100) | S47: =IF(OR(S49=0,ISBLANK(S49)),0,S48/S49*100) | T47: =IF(OR(T49=0,ISBLANK(T49)),0,T48/T49*100) | U47: =IF(OR(M47=0, ISBLANK(M47)), 0, IF((Q47/M47*100)>120,120,(Q47/M47*100))) | V47: =IF(OR(N47=0, ISBLANK(N47)), 0, IF((R47/N47*100)>120,120,(R47/N47*100))) | W47: =IF(OR(O47=0, ISBLANK(O47)), 0, IF((S47/O47*100)>120,120,(S47/O47*100))) | X47: =IF(OR(P47=0, ISBLANK(P47)), 0, IF((T47/P47*100)>120,120,(T47/P47*100))) | Y47: =IF(OR($K47=0, ISBLANK($K47)), 0, IF((Q47/$K47*100)>120,120,(Q47/$K47*100))) | Z47: =IF(OR($K47=0, ISBLANK($K47)), 0, IF((R47/$K47*100)>120,120,(R47/$K47*100))) | AA47: =IF(OR($K47=0, ISBLANK($K47)), 0, IF((S47/$K47*100)>120,120,(S47/$K47*100))) | AB47: =IF(OR($K47=0, ISBLANK($K47)), 0, IF((T47/$K47*100)>120,120,(T47/$K47*100))) | AJ47: =IF(AB47>=110,"110",AB47) | AK47: =IF(E$5="AA/Sangat Memuaskan","0%",IF(E$5="A/Memuaskan","0%",IF(E$5="BB/Sangat Baik","10%",IF(E$5="B/Baik","15%",IF(E$5="CC/Cukup (Memadai)","20%",IF(E$5="C/Kurang","30%","30%")))))) | AL47: =AJ47*(100%-AK47)
E48: X: Jumlah Publikasi/Laporan Statistik Harga yang berkualitas | K48: 4 | M48: 0 | N48: 0 | O48: 0 | P48: 4
E49: Y: Jumlah seluruh Publikasi/Laporan Statistik Harga yang dihasilkan | K49: 4 | M49: 0 | N49: 0 | O49: 0 | P49: 4
B51: 1.3.5 | C51: Terwujudnya Penyediaan Data dan Insight Statistik Jasa yang Berkualitas
D52: 1.3.5.1 | E52: Persentase Publikasi/Laporan Statistik Jasa yang Berkualitas | H52: IKU | I52: Tahunan | J52: % | K52: =IF(OR(K54=0,ISBLANK(K54)),0,K53/K54*100) | L52: Persen | M52: =IF(OR(M54=0,ISBLANK(M54)),0,M53/M54*100) | N52: =IF(OR(N54=0,ISBLANK(N54)),0,N53/N54*100) | O52: =IF(OR(O54=0,ISBLANK(O54)),0,O53/O54*100) | P52: =IF(OR(P54=0,ISBLANK(P54)),0,P53/P54*100) | Q52: =IF(OR(Q54=0,ISBLANK(Q54)),0,Q53/Q54*100) | R52: =IF(OR(R54=0,ISBLANK(R54)),0,R53/R54*100) | S52: =IF(OR(S54=0,ISBLANK(S54)),0,S53/S54*100) | T52: =IF(OR(T54=0,ISBLANK(T54)),0,T53/T54*100) | U52: =IF(OR(M52=0, ISBLANK(M52)), 0, IF((Q52/M52*100)>120,120,(Q52/M52*100))) | V52: =IF(OR(N52=0, ISBLANK(N52)), 0, IF((R52/N52*100)>120,120,(R52/N52*100))) | W52: =IF(OR(O52=0, ISBLANK(O52)), 0, IF((S52/O52*100)>120,120,(S52/O52*100))) | X52: =IF(OR(P52=0, ISBLANK(P52)), 0, IF((T52/P52*100)>120,120,(T52/P52*100))) | Y52: =IF(OR($K52=0, ISBLANK($K52)), 0, IF((Q52/$K52*100)>120,120,(Q52/$K52*100))) | Z52: =IF(OR($K52=0, ISBLANK($K52)), 0, IF((R52/$K52*100)>120,120,(R52/$K52*100))) | AA52: =IF(OR($K52=0, ISBLANK($K52)), 0, IF((S52/$K52*100)>120,120,(S52/$K52*100))) | AB52: =IF(OR($K52=0, ISBLANK($K52)), 0, IF((T52/$K52*100)>120,120,(T52/$K52*100))) | AJ52: =IF(AB52>=110,"110",AB52) | AK52: =IF(E$5="AA/Sangat Memuaskan","0%",IF(E$5="A/Memuaskan","0%",IF(E$5="BB/Sangat Baik","10%",IF(E$5="B/Baik","15%",IF(E$5="CC/Cukup (Memadai)","20%",IF(E$5="C/Kurang","30%","30%")))))) | AL52: =AJ52*(100%-AK52)
E53: X: Jumlah Publikasi/Laporan Statistik Jasa yang berkualitas | K53: 3 | M53: 0 | N53: 0 | O53: 0 | P53: 3
E54: Y: Jumlah seluruh Publikasi/Laporan Statistik Jasa yang dihasilkan | K54: 3 | M54: 0 | N54: 0 | O54: 0 | P54: 3
B56: 1.4.1 | C56: Terwujudnya Penyediaan Data dan Insight Statistik Lintas Sektor yang Berkualitas
D57: 1.4.1.1 | E57: Persentase Publikasi/Laporan Neraca Produksi yang Berkualitas | H57: IKU | I57: Tahunan | J57: % | K57: =IF(OR(K59=0,ISBLANK(K59)),0,K58/K59*100) | L57: Persen | M57: =IF(OR(M59=0,ISBLANK(M59)),0,M58/M59*100) | N57: =IF(OR(N59=0,ISBLANK(N59)),0,N58/N59*100) | O57: =IF(OR(O59=0,ISBLANK(O59)),0,O58/O59*100) | P57: =IF(OR(P59=0,ISBLANK(P59)),0,P58/P59*100) | Q57: =IF(OR(Q59=0,ISBLANK(Q59)),0,Q58/Q59*100) | R57: =IF(OR(R59=0,ISBLANK(R59)),0,R58/R59*100) | S57: =IF(OR(S59=0,ISBLANK(S59)),0,S58/S59*100) | T57: =IF(OR(T59=0,ISBLANK(T59)),0,T58/T59*100) | U57: =IF(OR(M57=0, ISBLANK(M57)), 0, IF((Q57/M57*100)>120,120,(Q57/M57*100))) | V57: =IF(OR(N57=0, ISBLANK(N57)), 0, IF((R57/N57*100)>120,120,(R57/N57*100))) | W57: =IF(OR(O57=0, ISBLANK(O57)), 0, IF((S57/O57*100)>120,120,(S57/O57*100))) | X57: =IF(OR(P57=0, ISBLANK(P57)), 0, IF((T57/P57*100)>120,120,(T57/P57*100))) | Y57: =IF(OR($K57=0, ISBLANK($K57)), 0, IF((Q57/$K57*100)>120,120,(Q57/$K57*100))) | Z57: =IF(OR($K57=0, ISBLANK($K57)), 0, IF((R57/$K57*100)>120,120,(R57/$K57*100))) | AA57: =IF(OR($K57=0, ISBLANK($K57)), 0, IF((S57/$K57*100)>120,120,(S57/$K57*100))) | AB57: =IF(OR($K57=0, ISBLANK($K57)), 0, IF((T57/$K57*100)>120,120,(T57/$K57*100))) | AJ57: =IF(AB57>=110,"110",AB57) | AK57: =IF(E$5="AA/Sangat Memuaskan","0%",IF(E$5="A/Memuaskan","0%",IF(E$5="BB/Sangat Baik","10%",IF(E$5="B/Baik","15%",IF(E$5="CC/Cukup (Memadai)","20%",IF(E$5="C/Kurang","30%","30%")))))) | AL57: =AJ57*(100%-AK57)
E58: X: Jumlah Publikasi/Laporan Neraca Produksi yang berkualitas | K58: 3 | M58: 0 | N58: 0 | O58: 0 | P58: 3
E59: Y: Jumlah seluruh Publikasi/Laporan Neraca Produksi yang dihasilkan | K59: 3 | M59: 3 | N59: 3 | O59: 3 | P59: 3
D61: 1.4.1.2 | E61: Persentase Publikasi/Laporan Neraca Pengeluaran yang Berkualitas | H61: IKU | I61: Tahunan | J61: % | K61: =IF(OR(K63=0,ISBLANK(K63)),0,K62/K63*100) | L61: Persen | M61: =IF(OR(M63=0,ISBLANK(M63)),0,M62/M63*100) | N61: =IF(OR(N63=0,ISBLANK(N63)),0,N62/N63*100) | O61: =IF(OR(O63=0,ISBLANK(O63)),0,O62/O63*100) | P61: =IF(OR(P63=0,ISBLANK(P63)),0,P62/P63*100) | Q61: =IF(OR(Q63=0,ISBLANK(Q63)),0,Q62/Q63*100) | R61: =IF(OR(R63=0,ISBLANK(R63)),0,R62/R63*100) | S61: =IF(OR(S63=0,ISBLANK(S63)),0,S62/S63*100) | T61: =IF(OR(T63=0,ISBLANK(T63)),0,T62/T63*100) | U61: =IF(OR(M61=0, ISBLANK(M61)), 0, IF((Q61/M61*100)>120,120,(Q61/M61*100))) | V61: =IF(OR(N61=0, ISBLANK(N61)), 0, IF((R61/N61*100)>120,120,(R61/N61*100))) | W61: =IF(OR(O61=0, ISBLANK(O61)), 0, IF((S61/O61*100)>120,120,(S61/O61*100))) | X61: =IF(OR(P61=0, ISBLANK(P61)), 0, IF((T61/P61*100)>120,120,(T61/P61*100))) | Y61: =IF(OR($K61=0, ISBLANK($K61)), 0, IF((Q61/$K61*100)>120,120,(Q61/$K61*100))) | Z61: =IF(OR($K61=0, ISBLANK($K61)), 0, IF((R61/$K61*100)>120,120,(R61/$K61*100))) | AA61: =IF(OR($K61=0, ISBLANK($K61)), 0, IF((S61/$K61*100)>120,120,(S61/$K61*100))) | AB61: =IF(OR($K61=0, ISBLANK($K61)), 0, IF((T61/$K61*100)>120,120,(T61/$K61*100))) | AJ61: =IF(AB61>=110,"110",AB61) | AK61: =IF(E$5="AA/Sangat Memuaskan","0%",IF(E$5="A/Memuaskan","0%",IF(E$5="BB/Sangat Baik","10%",IF(E$5="B/Baik","15%",IF(E$5="CC/Cukup (Memadai)","20%",IF(E$5="C/Kurang","30%","30%")))))) | AL61: =AJ61*(100%-AK61)
E62: X: Jumlah Publikasi/Laporan Neraca Pengeluaran yang berkualitas | K62: 5 | M62: 0 | N62: 0 | O62: 0 | P62: 5
E63: Y: Jumlah seluruh Publikasi/Laporan Neraca Pengeluaran yang dihasilkan | K63: 5 | M63: 5 | N63: 5 | O63: 5 | P63: 5
D65: 1.4.1.3 | E65: Persentase Publikasi/Laporan Analisis Statistik dan Neraca Satelit yang Berkualitas | H65: IKU | I65: Tahunan | J65: % | K65: =IF(OR(K67=0,ISBLANK(K67)),0,K66/K67*100) | L65: Persen | M65: =IF(OR(M67=0,ISBLANK(M67)),0,M66/M67*100) | N65: =IF(OR(N67=0,ISBLANK(N67)),0,N66/N67*100) | O65: =IF(OR(O67=0,ISBLANK(O67)),0,O66/O67*100) | P65: =IF(OR(P67=0,ISBLANK(P67)),0,P66/P67*100) | Q65: =IF(OR(Q67=0,ISBLANK(Q67)),0,Q66/Q67*100) | R65: =IF(OR(R67=0,ISBLANK(R67)),0,R66/R67*100) | S65: =IF(OR(S67=0,ISBLANK(S67)),0,S66/S67*100) | T65: =IF(OR(T67=0,ISBLANK(T67)),0,T66/T67*100) | U65: =IF(OR(M65=0, ISBLANK(M65)), 0, IF((Q65/M65*100)>120,120,(Q65/M65*100))) | V65: =IF(OR(N65=0, ISBLANK(N65)), 0, IF((R65/N65*100)>120,120,(R65/N65*100))) | W65: =IF(OR(O65=0, ISBLANK(O65)), 0, IF((S65/O65*100)>120,120,(S65/O65*100))) | X65: =IF(OR(P65=0, ISBLANK(P65)), 0, IF((T65/P65*100)>120,120,(T65/P65*100))) | Y65: =IF(OR($K65=0, ISBLANK($K65)), 0, IF((Q65/$K65*100)>120,120,(Q65/$K65*100))) | Z65: =IF(OR($K65=0, ISBLANK($K65)), 0, IF((R65/$K65*100)>120,120,(R65/$K65*100))) | AA65: =IF(OR($K65=0, ISBLANK($K65)), 0, IF((S65/$K65*100)>120,120,(S65/$K65*100))) | AB65: =IF(OR($K65=0, ISBLANK($K65)), 0, IF((T65/$K65*100)>120,120,(T65/$K65*100))) | AJ65: =IF(AB65>=110,"110",AB65) | AK65: =IF(E$5="AA/Sangat Memuaskan","0%",IF(E$5="A/Memuaskan","0%",IF(E$5="BB/Sangat Baik","10%",IF(E$5="B/Baik","15%",IF(E$5="CC/Cukup (Memadai)","20%",IF(E$5="C/Kurang","30%","30%")))))) | AL65: =AJ65*(100%-AK65)
E66: X: Jumlah Publikasi/Laporan Analisis Statistik dan Neraca Satelit yang berkualitas | K66: 1
E67: Y: Jumlah seluruh Publikasi/Laporan Analisis Statistik dan Neraca Satelit yang dihasilkan | K67: 1
A69: T2: Mewujudkan Penyelenggaraan Sistem Statistik Nasional yang Andal, Efektif, dan Efisien
B70: 2.1.4 | C70: Terwujudnya Kapasitas Tata Kelola Pemerintah Desa Untuk Menghasilkan Statistik Berkualitas
D71: 2.1.4.1 | E71: Persentase Kumulatif Desa Yang Berpredikat Desa Cinta Statistik | H71: IKU | I71: Tahunan | J71: % | K71: =IF(OR(K73=0,ISBLANK(K73)),0,K72/K73*100) | L71: Persen | M71: =IF(OR(M73=0,ISBLANK(M73)),0,M72/M73*100) | N71: =IF(OR(N73=0,ISBLANK(N73)),0,N72/N73*100) | O71: =IF(OR(O73=0,ISBLANK(O73)),0,O72/O73*100) | P71: =IF(OR(P73=0,ISBLANK(P73)),0,P72/P73*100) | Q71: =IF(OR(Q73=0,ISBLANK(Q73)),0,Q72/Q73*100) | R71: =IF(OR(R73=0,ISBLANK(R73)),0,R72/R73*100) | S71: =IF(OR(S73=0,ISBLANK(S73)),0,S72/S73*100) | T71: =IF(OR(T73=0,ISBLANK(T73)),0,T72/T73*100) | U71: =IF(OR(M71=0, ISBLANK(M71)), 0, IF((Q71/M71*100)>120,120,(Q71/M71*100))) | V71: =IF(OR(N71=0, ISBLANK(N71)), 0, IF((R71/N71*100)>120,120,(R71/N71*100))) | W71: =IF(OR(O71=0, ISBLANK(O71)), 0, IF((S71/O71*100)>120,120,(S71/O71*100))) | X71: =IF(OR(P71=0, ISBLANK(P71)), 0, IF((T71/P71*100)>120,120,(T71/P71*100))) | Y71: =IF(OR($K71=0, ISBLANK($K71)), 0, IF((Q71/$K71*100)>120,120,(Q71/$K71*100))) | Z71: =IF(OR($K71=0, ISBLANK($K71)), 0, IF((R71/$K71*100)>120,120,(R71/$K71*100))) | AA71: =IF(OR($K71=0, ISBLANK($K71)), 0, IF((S71/$K71*100)>120,120,(S71/$K71*100))) | AB71: =IF(OR($K71=0, ISBLANK($K71)), 0, IF((T71/$K71*100)>120,120,(T71/$K71*100))) | AJ71: =IF(AB71>=110,"110",AB71) | AK71: =IF(E$5="AA/Sangat Memuaskan","0%",IF(E$5="A/Memuaskan","0%",IF(E$5="BB/Sangat Baik","10%",IF(E$5="B/Baik","15%",IF(E$5="CC/Cukup (Memadai)","20%",IF(E$5="C/Kurang","30%","30%")))))) | AL71: =AJ71*(100%-AK71)
E72: X: Jumlah Kumulatif dari Tahun-Tahun Sebelumnya dari Desa/Kelurahan/yang setara yang Berpredikat Desa Cinta Statistik | K72: 8 | M72: 5 | N72: 5 | O72: 5 | P72: 8
E73: Y: Jumlah Desa/Kelurahan/yang Setara | K73: 41 | M73: 41 | N73: 41 | O73: 41 | P73: 41
B75: 2.5.1 | C75: Terwujudnya Penguatan Penyelenggaraan Pembinaan Statistik Sektoral Kementerian/Lembaga/Pemerintah Daerah
D76: 2.5.1.1 | E76: Tingkat Penyelenggaraan Pembinaan Statistik Sektoral sesuai standar | H76: IKU | I76: Triwulanan | J76: Non % | K76: 108.46 | L76: Persen | M76: 63.36 | N76: 80.45 | O76: 83.08 | P76: 108.48 | U76: =IF(OR(M76=0, ISBLANK(M76)), 0, IF((Q76/M76*100)>120,120,(Q76/M76*100))) | V76: =IF(OR(N76=0, ISBLANK(N76)), 0, IF((R76/N76*100)>120,120,(R76/N76*100))) | W76: =IF(OR(O76=0, ISBLANK(O76)), 0, IF((S76/O76*100)>120,120,(S76/O76*100))) | X76: =IF(OR(P76=0, ISBLANK(P76)), 0, IF((T76/P76*100)>120,120,(T76/P76*100))) | Y76: =IF(OR($K76=0, ISBLANK($K76)), 0, IF((Q76/$K76*100)>120,120,(Q76/$K76*100))) | Z76: =IF(OR($K76=0, ISBLANK($K76)), 0, IF((R76/$K76*100)>120,120,(R76/$K76*100))) | AA76: =IF(OR($K76=0, ISBLANK($K76)), 0, IF((S76/$K76*100)>120,120,(S76/$K76*100))) | AB76: =IF(OR($K76=0, ISBLANK($K76)), 0, IF((T76/$K76*100)>120,120,(T76/$K76*100))) | AJ76: =IF(AB76>=110,"110",AB76) | AK76: =IF(E$5="AA/Sangat Memuaskan","0%",IF(E$5="A/Memuaskan","0%",IF(E$5="BB/Sangat Baik","10%",IF(E$5="B/Baik","15%",IF(E$5="CC/Cukup (Memadai)","20%",IF(E$5="C/Kurang","30%","30%")))))) | AL76: =AJ76*(100%-AK76)
B78: 2.7.1 | C78: Terwujudnya Kemudahan Akses Data BPS
D79: 2.7.1.1 | E79: Indeks Pelayanan Publik - Penilaian mandiri | H79: IKU | I79: Triwulanan | J79: Non % | K79: 4.086 | L79: Poin | M79: 0 | N79: 0.9816 | O79: 3.8073 | P79: 4.09 | U79: =IF(OR(M79=0, ISBLANK(M79)), 0, IF((Q79/M79*100)>120,120,(Q79/M79*100))) | V79: =IF(OR(N79=0, ISBLANK(N79)), 0, IF((R79/N79*100)>120,120,(R79/N79*100))) | W79: =IF(OR(O79=0, ISBLANK(O79)), 0, IF((S79/O79*100)>120,120,(S79/O79*100))) | X79: =IF(OR(P79=0, ISBLANK(P79)), 0, IF((T79/P79*100)>120,120,(T79/P79*100))) | Y79: =IF(OR($K79=0, ISBLANK($K79)), 0, IF((Q79/$K79*100)>120,120,(Q79/$K79*100))) | Z79: =IF(OR($K79=0, ISBLANK($K79)), 0, IF((R79/$K79*100)>120,120,(R79/$K79*100))) | AA79: =IF(OR($K79=0, ISBLANK($K79)), 0, IF((S79/$K79*100)>120,120,(S79/$K79*100))) | AB79: =IF(OR($K79=0, ISBLANK($K79)), 0, IF((T79/$K79*100)>120,120,(T79/$K79*100))) | AJ79: =IF(AB79>=110,"110",AB79) | AK79: =IF(E$5="AA/Sangat Memuaskan","0%",IF(E$5="A/Memuaskan","0%",IF(E$5="BB/Sangat Baik","10%",IF(E$5="B/Baik","15%",IF(E$5="CC/Cukup (Memadai)","20%",IF(E$5="C/Kurang","30%","30%")))))) | AL79: =AJ79*(100%-AK79)
A81: T3: Mewujudkan Tata Kelola Badan Pusat Statistik yang Berkualitas, Akuntabel, Efektif, dan Efisien dalam Menyelenggarakan Statistik
B82: 3.2.4 | C82: Tersedianya Dukungan Manajemen pada BPS Provinsi dan BPS Kabupaten/Kota
D83: 3.2.4.1 | E83: Nilai SAKIP oleh Inspektorat | H83: IKU | I83: Tahunan | J83: Non % | K83: 74.45 | L83: Poin | M83: 0 | N83: 0 | O83: 0 | P83: 74.45 | U83: =IF(OR(M83=0, ISBLANK(M83)), 0, IF((Q83/M83*100)>120,120,(Q83/M83*100))) | V83: =IF(OR(N83=0, ISBLANK(N83)), 0, IF((R83/N83*100)>120,120,(R83/N83*100))) | W83: =IF(OR(O83=0, ISBLANK(O83)), 0, IF((S83/O83*100)>120,120,(S83/O83*100))) | X83: =IF(OR(P83=0, ISBLANK(P83)), 0, IF((T83/P83*100)>120,120,(T83/P83*100))) | Y83: =IF(OR($K83=0, ISBLANK($K83)), 0, IF((Q83/$K83*100)>120,120,(Q83/$K83*100))) | Z83: =IF(OR($K83=0, ISBLANK($K83)), 0, IF((R83/$K83*100)>120,120,(R83/$K83*100))) | AA83: =IF(OR($K83=0, ISBLANK($K83)), 0, IF((S83/$K83*100)>120,120,(S83/$K83*100))) | AB83: =IF(OR($K83=0, ISBLANK($K83)), 0, IF((T83/$K83*100)>120,120,(T83/$K83*100))) | AJ83: =IF(AB83>=110,"110",AB83) | AK83: =IF(E$5="AA/Sangat Memuaskan","0%",IF(E$5="A/Memuaskan","0%",IF(E$5="BB/Sangat Baik","10%",IF(E$5="B/Baik","15%",IF(E$5="CC/Cukup (Memadai)","20%",IF(E$5="C/Kurang","30%","30%")))))) | AL83: =AJ83*(100%-AK83)
D84: 3.2.4.2 | E84: Indeks Implementasi BerAKHLAK | H84: IKU | I84: Tahunan | J84: Non % | K84: 58.7 | L84: Persen | M84: 0 | N84: 0 | O84: 0 | P84: 58.7 | U84: =IF(OR(M84=0, ISBLANK(M84)), 0, IF((Q84/M84*100)>120,120,(Q84/M84*100))) | V84: =IF(OR(N84=0, ISBLANK(N84)), 0, IF((R84/N84*100)>120,120,(R84/N84*100))) | W84: =IF(OR(O84=0, ISBLANK(O84)), 0, IF((S84/O84*100)>120,120,(S84/O84*100))) | X84: =IF(OR(P84=0, ISBLANK(P84)), 0, IF((T84/P84*100)>120,120,(T84/P84*100))) | Y84: =IF(OR($K84=0, ISBLANK($K84)), 0, IF((Q84/$K84*100)>120,120,(Q84/$K84*100))) | Z84: =IF(OR($K84=0, ISBLANK($K84)), 0, IF((R84/$K84*100)>120,120,(R84/$K84*100))) | AA84: =IF(OR($K84=0, ISBLANK($K84)), 0, IF((S84/$K84*100)>120,120,(S84/$K84*100))) | AB84: =IF(OR($K84=0, ISBLANK($K84)), 0, IF((T84/$K84*100)>120,120,(T84/$K84*100))) | AJ84: =IF(AB84>=110,"110",AB84) | AK84: =IF(E$5="AA/Sangat Memuaskan","0%",IF(E$5="A/Memuaskan","0%",IF(E$5="BB/Sangat Baik","10%",IF(E$5="B/Baik","15%",IF(E$5="CC/Cukup (Memadai)","20%",IF(E$5="C/Kurang","30%","30%")))))) | AL84: =AJ84*(100%-AK84)
P87: Capaian Kinerja IKU | U87: =IFERROR(AVERAGEIFS(U12:U85,$H12:$H85,"IKU",U12:U85,"<>0"),0) | V87: =IFERROR(AVERAGEIFS(V12:V85,$H12:$H85,"IKU",V12:V85,"<>0"),0) | W87: =IFERROR(AVERAGEIFS(W12:W85,$H12:$H85,"IKU",W12:W85,"<>0"),0) | X87: =IFERROR(AVERAGEIFS(X12:X85,$H12:$H85,"IKU",X12:X85,"<>0"),0) | Y87: =IFERROR(AVERAGEIF($H12:$H85,"IKU",Y12:Y85),0) | Z87: =IFERROR(AVERAGEIF($H12:$H85,"IKU",Z12:Z85),0) | AA87: =IFERROR(AVERAGEIF($H12:$H85,"IKU",AA12:AA85),0) | AB87: =IFERROR(AVERAGEIF($H12:$H85,"IKU",AB12:AB85),0) | AJ87: Total Capaian PK | AL87: =AL12+AL17+AL22+AL27+AL32+AL37+AL42+AL47+AL52+AL57+AL71+AL76+AL79+AL83+AL84
P88: Capaian Kinerja Sasaran 1.1.1 | AB88: =IFERROR(AVERAGEIF(H12:H14,"IKU",AB12:AB14),0) | AJ88: NKO Rata-rata Capaian PK | AL88: =AVERAGE(AL12,AL17,AL22,AL27,AL32,AL37,AL42,AL47,AL52,AL57,AL71,AL76,AL79,AL83,AL84)
P89: Capaian Kinerja Sasaran 1.1.3 | AB89: =IFERROR(AVERAGEIF(H17:H19,"IKU",AB17:AB19),0) | AJ89: Predikat PKO | AL89: =IF(AL88>100, "ISTIMEWA", IF(AL88>80, "BAIK", IF(AL88>60, "BUTUH PERBAIKAN", "BURUK")))
P90: Capaian Kinerja Sasaran 1.1.5 | AB90: =IFERROR(AVERAGEIF(H22:H24,"IKU",AB22:AB24),0)
P91: Capaian Kinerja Sasaran 1.2.1 | AB91: =IFERROR(AVERAGEIF(H27:H29,"IKU",AB27:AB29),0)
P92: Capaian Kinerja Sasaran 1.2.2 | AB92: =IFERROR(AVERAGEIF(H32:H34,"IKU",AB32:AB34),0)
P93: Capaian Kinerja Sasaran 1.2.3 | AB93: =IFERROR(AVERAGEIF(H37:H39,"IKU",AB37:AB39),0)
P94: Capaian Kinerja Sasaran 1.3.1 | AB94: =IFERROR(AVERAGEIF(H42:H44,"IKU",AB42:AB44),0)
P95: Capaian Kinerja Sasaran 1.3.3 | AB95: =IFERROR(AVERAGEIF(H47:H49,"IKU",AB47:AB49),0)
P96: Capaian Kinerja Sasaran 1.3.5 | AB96: =IFERROR(AVERAGEIF(H52:H54,"IKU",AB52:AB54),0)
P97: Capaian Kinerja Sasaran 1.4.1 | AB97: =IFERROR(AVERAGEIF(H57:H67,"IKU",AB57:AB67),0)
P98: Capaian Kinerja Sasaran 2.1.4 | AB98: =IFERROR(AVERAGEIF(H71:H73,"IKU",AB71:AB73),0)
P99: Capaian Kinerja Sasaran 2.5.1 | AB99: =IFERROR(AVERAGEIF(H76,"IKU",AB76),0)
P100: Capaian Kinerja Sasaran 2.7.1 | AB100: =IFERROR(AVERAGEIF(H79,"IKU",AB79),0)
P101: Capaian Kinerja Sasaran 3.2.4 | AB101: =IFERROR(AVERAGEIF(H83:H84,"IKU",AB83:AB84),0)

Sheet 1.1.1.1
A1: Rincian Output | B1: Realisasi Volume RO | C1: Progres Pelaksanaan Kegiatan (Persen) | D1: Realisasi yang telah dilaksanakan (Berikan Narasi)
A2: 1 | B2: 2 | C2: 3 | D2: 4
A3: 2905 BMA 004. Publikasi/Laporan Survei Angkatan Kerja Nasional | B3: 0 | C3: 0.2522 | D3: Pelaksanaan Sakernas Februari 2026 telah selesai dilaksanakan sebesar 100 persen dengan progres kegiatan terhadap total pelaksanaan Sakernas sebesar 25,22 persen
A4: 2905 BMA 005. Publikasi/Laporan Statistik Kependudukan dan Ketenagakerjaan | B4: 0 | C4: 0 | D4: Tidak ada pelaksanaan kegiatan Statistik Kependudukan dan Ketenagakerjaan di tahun 2026

Sheet 1.1.3.1.
A1: Rincian Output | B1: Realisasi Volume RO | C1: Progres Pelaksanaan Kegiatan (Persen) | D1: Realisasi yang telah dilaksanakan (Berikan Narasi)
A2: 2906 BMA 003. Publikasi/Laporan Statistik Kesejahteraan Rakyat | B2: 0 | C2: 0 | D2: Tidak ada pelaksanaan kegiatan Publikasi/Laporan Statistik Kesejahteraan Rakyat di tahun 2026
A3: 2906 BMA 005. Publikasi/Laporan Data Tunggal Sosial dan Ekonomi Nasional | B3: 0 | C3: 0.1712 | D3: Pelaksanaan kegiatan Koordinasi, Kolaborasi dan pelaksanaan kegiatan Groundchek PBI Tahap I, Pelatihan Petugas Groundcek PLN serta pelatihan kegiatan GC PBI Tahap II
A4: 2906 BMA 006. Publikasi/Laporan Survei Sosial Ekonomi Nasional | B4: 0 | C4: 0.5743 | D4: Pelaksanaan Susenas dan Seruti TW 1 Tahun 2026 telah diselesaikan.

Sheet 1.1.5.1
A1: Rincian Output | B1: Realisasi Volume RO | C1: Progres Pelaksanaan Kegiatan (Persen) | D1: Realisasi yang telah dilaksanakan (Berikan Narasi)
A2: 2907 BMA 006. Publikasi/Laporan Statistik Ketahanan Sosial | B2: 0 | C2: 16,24% | D2: Pada triwulan I 2026, kegiatan Statistik Ketahanan Politik dan Keamanan (Statpolkam) yang telah dilaksanakan antara lain, persiapan kegiatan survei STATPOLKAM 2026 dengan melakukan pengumpulan data yang terintegrasi dengan pengumpulan data Kota Bima Dalam Angka 2026
A3: 2907 BMA 008. Publikasi/Laporan Pendataan Potensi Desa | B3: 0 | C3: 24,56% | D3: Pada triwulan I 2026, kegiatan Pendataan Pemutakhiran Data Perkembangan Desa (Potensi Desa) yang telah dilaksanakan yaitu persiapan berupa pelatihan Inda dan Penentuan Petugas Podes 2026

Sheet 1.2.1.1.
A1: Rincian Output | B1: Realisasi Volume RO | C1: Progres Pelaksanaan Kegiatan (Persen) | D1: Realisasi yang telah dilaksanakan (Berikan Narasi)
A2: 2910 BMA 007. Publikasi/Laporan Statistik Tanaman Pangan | B2: 0 | C2: 0.1353 | D2: Kegiatan yang telah dilaksanakan antara lain pengamatan KSA Padi dan Jagung sudah 100 persen dilakukan pengamatan pada triwulan I tahun 2026. Ubinan Padi dan Palawija masih berjalan dan baru terealisasi sekitar 75 persen karena rentang waktu pendataan adalah subround 1 (Januari-April), petugas lapangan masih menjalankan pendataan untuk memenuhi target. Untuk kegiatan laporan SP palwaija yang berasal dari Dinas Pertanian telah terealisasi 100 persen.
A3: 2910 BMA 008. Publikasi/Laporan Statistik Hortikultura dan Perkebunan | B3: 0 | C3: 0.3333 | D3: Untuk kegiatan pada Satatistik Hortikultura dan Perkebunan, kegiatan yang telah selesai pelaksanaannya 100 persen adalah kegiatan listing Survei Indeks Produksi Hortikultura (VIP-Horti) Tahun 2026, sedangkan untuk kegiatan pendataan akan dilaksanakan secara triwulanan pada bulan April, Juli, dan Oktober 2026.
A4: 2909 BMA 005. Publikasi/Laporan Statistik Peternakan, Perikanan, dan Kehutanan | B4: 0 | C4: 0.1865 | D4: Kegiatan di Statistik Peternakan, Perikanan, dan Kehutanan yang dilakukan pada Triwulan I Tahun 2026 adalah Laporan Pemotongan Ternak Bulanan (LPTB) yang dilakukan setiap bulannya dan telah 100 persen realisasi sesuai jadwal. Selain itu telah dilakukan koordinasi bersama Dinas Perikanan untuk pengumpulan Laporan Pendaratan Ikan Tradisional (PIT) Triwulan 4 Tahun 2025, kegiatan ini telah dilaksnakan sesuai jadwal dan 100 persen terealisasi.

Sheet 1.2.2.1.
A1: Rincian Output | B1: Realisasi Volume RO | C1: Progres Pelaksanaan Kegiatan (Persen) | D1: Realisasi yang telah dilaksanakan (Berikan Narasi)
A2: 2904 BMA 006. Publikasi/Laporan Statistik Sumber Daya Mineral dan Konstruksi | B2: 0 | C2: 0.2056 | D2: Kegiatan yang telah dilaksanakan pada Triwulan I Tahun 2026 antara lain Survei Konstruksi Triwulanan (SKTR) Triwulan 4 Tahun 2025, Survei Air Bersih Triwulan 4 Tahun 2025, dan Updating Direktori Perusahaan Pertambangan dan Energi (UDPE) Tahun 2026. Semua kegiatan tersebut telah dilaksanakan sesuai jadwal dan sudah terealisasi 100 persen.

Sheet 1.2.3.1.
A1: Rincian Output | B1: Realisasi Volume RO | C1: Progres Pelaksanaan Kegiatan (Persen) | D1: Realisasi yang telah dilaksanakan (Berikan Narasi)
A2: 2904 BMA 006. Publikasi/Laporan Statistik Industri yang berkualitas | B2: 0 | C2: 0.3571 | D2: Kegiatan Statistik Industri yang telah realisasi 100 persen adalah pendataan Survei Industri Besar Sedang (IBS) Triwulan 4 Tahun 2025 dan Survei Industri Mikro Kecil (IMK) Triwulan 4 Tahun 2025 yang dilaksanakan pada bulan Januari 2026, serta Listing IMK Triwulanan Tahun 2026 yang dilaksanakan pada bulan Maret 2026.

Sheet 1.3.1.1.
A1: Rincian Output | B1: Realisasi Volume RO | C1: Progres Pelaksanaan Kegiatan (Persen) | D1: Realisasi yang telah dilaksanakan (Berikan Narasi)
A2: 2902 BMA 004. Publikasi/Laporan Statistik Distribusi | B2: 0 | C2: 0.175 | D2: Pelaksanaan kegitan statistik distribusi yang telah terealisasi 100 persen di TW I adalah pendatan Lapangan dokumen angkutan darat PJ II/5 yang dilaksanakan pada bulan Februari 2026. sementara untuk pendataan SIMOPPEL (bersifat bulanan ) untuk bulan (Jauari-Maret) 2026 sudah terealisasi 100 persen
A3: 2902 BMA 006. Publikasi/Laporan Sensus Ekonomi | B3: 0 | C3: 0.2086 | D3: Kegiatan publisitas SE yg sudah terlaksana dan masih berjalan yaitu pelaksanaan berbagai sosialisasi Sensus Ekonomi meliputi pembuatan standing banner, roll banner, leaflet, dan spanduk.
A4: 2900 BMA 005. Dokumen/Laporan Pengembangan Metodologi Kegiatan Statistik | B4: 0 | C4: 0.175 | D4: Pelaksanaan GC SBR melalui matchapro dan surat pernyataan pelaksanan GC SBR telah selesai 100 persen.
L48: 0 | M48: 0 | N48: 0
L49: 0 | M49: 0 | N49: 0

Sheet 1.3.3.1.
A1: Rincian Output | B1: Realisasi Volume RO | C1: Progres Pelaksanaan Kegiatan (Persen) | D1: Realisasi yang telah dilaksanakan (Berikan Narasi)
A2: 2903 BMA 009. Publikasi/Laporan Statistik Harga | B2: 0 | C2: 0.2233 | D2: Kegiatan Statistik Harga yang sudah terselesaikan 100 persen adalah survey harga produsen identifikasi komoditas utama pada bulan Januari 2026 (Tahunan), Untuk Krgiatan lain seperti SHP, SHPB masih berjalan (pencacahan rutin bulanan)
A3: 2903 QMA 006. Publikasi/Laporan Penyusunan Inflasi | B3: 0 | C3: 0.1376 | D3: Kegiatan penyusunan inflasi masih berjalan karena merupakan pendataan rutin bulanan (HK 1,2,3,4,5 dan 6)
A4: 2903 BMA 007. Publikasi/Laporan Survei Biaya Hidup | B4: 0 | C4: 0 | D4: Belum ada kegiatan

Sheet 1.3.5.1.
A1: Rincian Output | B1: Realisasi Volume RO | C1: Progres Pelaksanaan Kegiatan (Persen) | D1: Realisasi yang telah dilaksanakan (Berikan Narasi)
A2: 2908 BMA 004. Publikasi/Laporan Statistik Keuangan, Teknologi Informasi, dan Pariwisata | B2: 0 | C2: 0.1933 | D2: Kegiatan Statistik Pariwisata yang sudah terealisasi 100 persen adalah pelatihan petugas survey Bidang Jasa Pariwisata pada bulan Maret 2026. Untuk kegiatan lain seperti VHTS masih berjalan karena merupakan kegiatan Rutin Bulanan

Sheet 1.4.1.1.
A1: Rincian Output | B1: Realisasi Volume RO | C1: Progres Pelaksanaan Kegiatan (Persen) | D1: Realisasi yang telah dilaksanakan (Berikan Narasi)
A2: 2899 BMA 006. Publikasi/Laporan Neraca Produksi | B2: 0 | C2: 0.1833 | D2: Pada triwulan I 2026, kegiatan yang telah dilaksanakan diantaranya SKTNP Tahap I, rekonsiliasi PDRB Lapangan Usaha Triwulan IV 2025 dan Tahun 2025, penyusunan publikasi PDRB Lapangan Usaha 2025, serta persiapan SKTNP Tahap II.

Sheet 1.4.1.2
A1: Rincian Output | B1: Realisasi Volume RO | C1: Progres Pelaksanaan Kegiatan (Persen) | D1: Realisasi yang telah dilaksanakan (Berikan Narasi)
A2: 2898 BMA 007. Publikasi/Laporan Statistik Neraca Pengeluaran | B2: 0 | C2: 0.16 | D2: Pada triwulan I 2026, kegiatan Statistik Neraca Pengeluaran yang telah dilaksanakan antara lain, persiapan hingga diseminasi angka PDRB Pengeluaran Triwulan IV Tahun 2025 dan persiapan kegiatan SKLNPT TW I 2026 (pemilihan dan pelatihan petugas serta alokasi beban tugas)

Sheet 1.4.1.3
A1: Rincian Output | B1: Realisasi Volume RO | C1: Progres Pelaksanaan Kegiatan (Persen) | D1: Realisasi yang telah dilaksanakan (Berikan Narasi)
A2: 2896 BMA U01. Publikasi/Laporan Indeks Pembangunan Manusia | B2: 0 | C2: 0 | D2: Belum dilaksanakan
A3: 2896 BMA 004. Publikasi/Laporan Analisis dan Pengembangan Statistik | B3: 0 | C3: 0 | D3: Kegiatan masih belum dimulai (masih dalam tahap perencanaan).
A4: 2896 QMA 006. Pemanfaatan Big Data untuk Statistik Resmi | B4: 0 | C4: 0 | D4: Belum dilaksanakan

Sheet 2.1.4.1.
A1: Rincian Output | B1: Realisasi Volume RO | C1: Progres Pelaksanaan Kegiatan (Persen) | D1: Realisasi yang telah dilaksanakan (Berikan Narasi)
A2: 2907 UBB 006. Pembinaan Desa Cinta Statistik | B2: 5 | C2: 26,49% | D2: Telah dilakukan proses persiapan pembinaan kelurahan cinta statistik berupa koordinasi kepada organisasi perangkat daerah (OPD) sebagai bentuk dukungan kegiatan serta pertimbangan dalam pemilihan lokus pembinaan. Selain itu, koordinasi juga dilakukan pada level kecamatan dan kelurahan pembinaan sebagai bentuk pemberitahuan awal kepada kelurahan terkait program kelirahan cinta statistik.

Sheet 2.5.1.1.
A1: Rincian Output | B1: Realisasi Volume RO | C1: Progres Pelaksanaan Kegiatan (Persen) | D1: Realisasi yang telah dilaksanakan (Berikan Narasi)
A2: 2897 QDB 003. Pembinaan Statistik Sektoral | B2: 0 | C2: 0.25 | D2: Pembinaan Statistik Sektoral yang telah dilaksanakan pada triwulan I yaitu identifikasi kegiatan statistik prioritas pembinaan dan pembinaan mengenai peningkatan kualitas data statistik sektoral

Sheet 2.7.1.1.
A1: Rincian Output | B1: Realisasi Volume RO | C1: Progres Pelaksanaan Kegiatan (Persen) | D1: Realisasi yang telah dilaksanakan (Berikan Narasi)
A2: 2897 BMA 004. Laporan Diseminasi dan Metadata Statistik | B2: 0 | C2: 0.65 | D2: Pada kegiatan focus groud discussion Kota Bima Dalam Angka telah dilaksanakan sosialisasi terkait rekomendasi statisik, metadata statistik Variabel dan Metadata statistik Indikator pada sesi pleno kualitas data statistik
A3: 2901 CAN 004. Pengembangan Infrastruktur dan Layanan Teknologi Informasi dan Komunikasi | B3: 0 | C3: 0.27 | D3: Telah dilakukan pembelian lisensi software: - Capcut (Bulan Januari) - Google One (Bulan Februari) - Onedrive (Bulan Maret)

Sheet Anggaran
A1: Sasaran Kegiatan | B1: PAGU Awal (Rp) | C1: PAGU Revisi Sampai dengan triwulan berjalan (terisi jika satker melakukan revisi PAGU), jika tidak ada revisi PAGU maka diisi “-“ (Rp) | D1: Realisasi sampai dengan triwulan Berjalan (Rp)
A2: Terwujudnya Penyediaan Data Dan Insight Statistik Kependudukan Dan Ketenagakerjaan Yang Berkualitas | B2: 98908000 | C2: 96658000 | D2: 23787660
A3: Terwujudnya Penyediaan Data Dan Insight Statistik Kesejahteraan Rakyat Yang Berkualitas | B3: 346573000 | C3: 349293000 | D3: 197965000
A4: Terwujudnya Penyediaan Data Dan Insight Statistik Ketahanan Sosial Yang Berkualitas | B4: 12006000 | C4: 11881000 | D4: 0
A5: Terwujudnya Penyediaan Data Dan Insight Statistik Sumber Daya Hayati Yang Berkualitas | B5: 121113000 | C5: 120583000 | D5: 15420000
A6: Terwujudnya Penyediaan Data Dan Insight Statistik Sumber Daya Mineral dan Konstruksi Yang Berkualitas | B6: 17625000 | C6: 15929000 | D6: 3625500
A7: Terwujudnya Penyediaan Data Dan Insight Statistik Industri Yang Berkualitas | B7: 35921000 | C7: 36502000 | D7: 4239000
A8: Terwujudnya Penyediaan Data Dan Insight Statistik Distribusi Yang Berkualitas | B8: 1849706000 | C8: 792883000 | D8: 10479600
A9: Terwujudnya Penyediaan Data Dan Insight Statistik Harga Yang Berkualitas | B9: 458491000 | C9: 453975000 | D9: 53428000
A10: Terwujudnya Penyediaan Data Dan Insight Statistik Jasa Yang Berkualitas | B10: 45059000 | C10: 43598000 | D10: 7887500
A11: Terwujudnya Penyediaan Data Dan Insight Statistik Lintas Sektor Yang Berkualitas | B11: 38368000 | C11: 37093000 | D11: 4694000
A12: Terwujudnya Kapasitas Tata Kelola Pemerintah Desa Untuk Menghasilkan Statistik Berkualitas | B12: 15995000 | C12: 11484000 | D12: 0
A13: Terwujudnya Penguatan Penyelenggaraan Pembinaan Statistik Sektoral Kementerian/Lembaga/Pemerintah Daerah | B13: 3530000 | C13: 2530000 | D13: 0
... A15: Terwujudnya Dukungan Manajemen Pada Bps Provinsi Dan Bps Kabupaten/Kota | B15: 4463215000 | C15: 4429149000 | D15: 1225841192
A16: Total | B16: =SUM(B2:B15) | C16: =SUM(C2:C15) | D16: =SUM(D2:D15)

Sheet FRA_input
A2: Indikator Kinerja/Uraian | E2: Jenis | F2: Target | G2: Satuan | H2: Alokasi Target | L2: Realisasi | P2: Capaian Kinerja | X2: Analisis Pencapaian Kinerja di Triwulan Berjalan
P3: Terhadap Target Triwulanan | T3: Terhadap Target Setahun | X3: Kendala | Y3: Solusi | Z3: RTL | AA3: PIC TL | AB3: Batas Waktu TL | AC3: Link Bukti Dukung
H4: TW1 | I4: TW2 | J4: TW3 | K4: TW4 | L4: TW1 | M4: TW2 | N4: TW3 | O4: TW4 | P4: TW1 | Q4: TW2 | R4: TW3 | S4: TW4 | T4: TW1 | U4: TW2 | V4: TW3 | W4: TW4
A5: ESELON I
A6: T1
B7: S1
C8: IKU 1
D9: Proksi 1.1
D10: Proksi 1.2
D11: Proksi 1.3
C12: IKU 2
D13: Proksi 2.1
D14: Proksi 2.2
D15: Proksi 2.3
A16: T2
B17: S2
C18: IKU 3
D19: Proksi 3.1
D20: Proksi 3.2
D21: Proksi 4.3
C22: IKU 4
D23: Proksi 5.1
D24: Proksi 5.2
D25: Proksi 2.3
O27: Capaian Proksi IKU 1 | P27: rata2 capaian proksi IKU 1
O28: Capaian Proksi IKU 2 | P28: rata2 capaian proksi IKU 2
O29: Capaian Proksi IKU 3 | P29: rata2 capaian proksi IKU 3
O30: Capaian Proksi IKU 4 | P30: rata2 capaian proksi IKU 4
O31: Capaian IKU 1
O32: Capaian IKU 2
O33: Capaian IKU 3
O34: Capaian IKU 4
O35: Capaian Sasaran 1 | P35: rata2 capaian IKU 12
O36: Capaian Sasaran 2 | P36: rata2 capaian IKU 34
O37: Capaian Tujuan 1
O38: Capaian Tujuan 2
A40: ESELON II
A41: T1
B42: S1
C43: IKU 1
D44: Proksi 1.1
D45: Proksi 1.2
D46: Proksi 1.3
C47: IKU 2
D48: Proksi 2.1
D49: Proksi 2.2
D50: Proksi 2.3
A51: T2
B52: S2
C53: IKU 3
D54: Proksi 3.1
D55: Proksi 3.2
D56: Proksi 4.3
C57: IKU 4
D58: Proksi 5.1
D59: Proksi 5.2
D60: Proksi 2.3
O62: Capaian Proksi IKU 1 | P62: rata2 capaian proksi IKU 1
O63: Capaian Proksi IKU 2 | P63: rata2 capaian proksi IKU 2
O64: Capaian Proksi IKU 3 | P64: rata2 capaian proksi IKU 3
O65: Capaian Proksi IKU 4 | P65: rata2 capaian proksi IKU 4
O66: Capaian IKU 1
O67: Capaian IKU 2
O68: Capaian IKU 3
O69: Capaian IKU 4
O70: Capaian Sasaran 1 | P70: rata2 capaian IKU 12
O71: Capaian Sasaran 2 | P71: rata2 capaian IKU 34
O72: Capaian Tujuan 1
O73: Capaian Tujuan 2

Sheet FRA_view
A2: Indikator Kinerja/Uraian | E2: Jenis | F2: Target | G2: Satuan | H2: Alokasi Target | L2: Realisasi | P2: Capaian Kinerja | X2: Analisis Pencapaian Kinerja di Triwulan Berjalan
P3: Terhadap Target Triwulanan | T3: Terhadap Target Setahun | X3: Kendala | Y3: Solusi | Z3: RTL | AA3: PIC TL | AB3: Batas Waktu TL | AC3: Link Bukti Dukung
H4: TW1 | I4: TW2 | J4: TW3 | K4: TW4 | L4: TW1 | M4: TW2 | N4: TW3 | O4: TW4 | P4: TW1 | Q4: TW2 | R4: TW3 | S4: TW4 | T4: TW1 | U4: TW2 | V4: TW3 | W4: TW4
A5: ESELON I
A6: T1
B7: S1
C8: IKU 1 | E8: =FRA_input!E8 | F8: =FRA_input!F8 | G8: =FRA_input!G8 | H8: =FRA_input!H8 | I8: =FRA_input!I8 | J8: =FRA_input!J8 | K8: =FRA_input!K8 | L8: =FRA_input!L8 | ... AC8: =FRA_input!AC8
D9: Proksi 1.1 | E9: =FRA_input!E9 | F9: =FRA_input!F9 | G9: =FRA_input!G9 | H9: =FRA_input!H9 | I9: =FRA_input!I9 | J9: =FRA_input!J9 | K9: =FRA_input!K9 | L9: =FRA_input!L9 | ... AC9: =FRA_input!AC9
D10: Proksi 1.2 | E10: =FRA_input!E10 | F10: =FRA_input!F10 | G10: =FRA_input!G10 | H10: =FRA_input!H10 | I10: =FRA_input!I10 | J10: =FRA_input!J10 | K10: =FRA_input!K10 | L10: =FRA_input!L10 | ... AC10: =FRA_input!AC10
D11: Proksi 1.3 | E11: =FRA_input!E11 | F11: =FRA_input!F11 | G11: =FRA_input!G11 | H11: =FRA_input!H11 | I11: =FRA_input!I11 | J11: =FRA_input!J11 | K11: =FRA_input!K11 | L11: =FRA_input!L11 | ... AC11: =FRA_input!AC11
C12: IKU 2 | E12: =FRA_input!E12 | F12: =FRA_input!F12 | G12: =FRA_input!G12 | H12: =FRA_input!H12 | I12: =FRA_input!I12 | J12: =FRA_input!J12 | K12: =FRA_input!K12 | L12: =FRA_input!L12 | ... AC12: =FRA_input!AC12
D13: Proksi 2.1 | E13: =FRA_input!E13 | F13: =FRA_input!F13 | G13: =FRA_input!G13 | H13: =FRA_input!H13 | I13: =FRA_input!I13 | J13: =FRA_input!J13 | K13: =FRA_input!K13 | L13: =FRA_input!L13 | ... AC13: =FRA_input!AC13
D14: Proksi 2.2 | E14: =FRA_input!E14 | F14: =FRA_input!F14 | G14: =FRA_input!G14 | H14: =FRA_input!H14 | I14: =FRA_input!I14 | J14: =FRA_input!J14 | K14: =FRA_input!K14 | L14: =FRA_input!L14 | ... AC14: =FRA_input!AC14
D15: Proksi 2.3 | E15: =FRA_input!E15 | F15: =FRA_input!F15 | G15: =FRA_input!G15 | H15: =FRA_input!H15 | I15: =FRA_input!I15 | J15: =FRA_input!J15 | K15: =FRA_input!K15 | L15: =FRA_input!L15 | ... AC15: =FRA_input!AC15
A16: T2 | E16: =FRA_input!E16 | F16: =FRA_input!F16 | G16: =FRA_input!G16 | H16: =FRA_input!H16 | I16: =FRA_input!I16 | J16: =FRA_input!J16
B17: S2 | E17: =FRA_input!E17 | F17: =FRA_input!F17 | G17: =FRA_input!G17 | H17: =FRA_input!H17 | I17: =FRA_input!I17 | J17: =FRA_input!J17
C18: IKU 3 | E18: =FRA_input!E18 | F18: =FRA_input!F18 | G18: =FRA_input!G18 | H18: =FRA_input!H18 | I18: =FRA_input!I18 | J18: =FRA_input!J18 | K18: =FRA_input!K18 | L18: =FRA_input!L18 | ... AC18: =FRA_input!AC18
D19: Proksi 3.1 | E19: =FRA_input!E19 | F19: =FRA_input!F19 | G19: =FRA_input!G19 | H19: =FRA_input!H19 | I19: =FRA_input!I19 | J19: =FRA_input!J19 | K19: =FRA_input!K19 | L19: =FRA_input!L19 | ... AC19: =FRA_input!AC19
D20: Proksi 3.2 | E20: =FRA_input!E20 | F20: =FRA_input!F20 | G20: =FRA_input!G20 | H20: =FRA_input!H20 | I20: =FRA_input!I20 | J20: =FRA_input!J20 | K20: =FRA_input!K20 | L20: =FRA_input!L20 | ... AC20: =FRA_input!AC20
D21: Proksi 4.3 | E21: =FRA_input!E21 | F21: =FRA_input!F21 | G21: =FRA_input!G21 | H21: =FRA_input!H21 | I21: =FRA_input!I21 | J21: =FRA_input!J21 | K21: =FRA_input!K21 | L21: =FRA_input!L21 | ... AC21: =FRA_input!AC21
C22: IKU 4 | E22: =FRA_input!E22 | F22: =FRA_input!F22 | G22: =FRA_input!G22 | H22: =FRA_input!H22 | I22: =FRA_input!I22 | J22: =FRA_input!J22 | K22: =FRA_input!K22 | L22: =FRA_input!L22 | ... AC22: =FRA_input!AC22
D23: Proksi 5.1 | E23: =FRA_input!E23 | F23: =FRA_input!F23 | G23: =FRA_input!G23 | H23: =FRA_input!H23 | I23: =FRA_input!I23 | J23: =FRA_input!J23 | K23: =FRA_input!K23 | L23: =FRA_input!L23 | ... AC23: =FRA_input!AC23
D24: Proksi 5.2 | E24: =FRA_input!E24 | F24: =FRA_input!F24 | G24: =FRA_input!G24 | H24: =FRA_input!H24 | I24: =FRA_input!I24 | J24: =FRA_input!J24 | K24: =FRA_input!K24 | L24: =FRA_input!L24 | ... AC24: =FRA_input!AC24
D25: Proksi 2.3 | E25: =FRA_input!E25 | F25: =FRA_input!F25 | G25: =FRA_input!G25 | H25: =FRA_input!H25 | I25: =FRA_input!I25 | J25: =FRA_input!J25 | K25: =FRA_input!K25 | L25: =FRA_input!L25 | ... AC25: =FRA_input!AC25
D27: REPORT CAPAIAN KINERJA | O27: Capaian Proksi IKU 1 | P27: rata2 capaian proksi IKU 1
O28: Capaian Proksi IKU 2 | P28: rata2 capaian proksi IKU 2
O29: Capaian Proksi IKU 3 | P29: rata2 capaian proksi IKU 3
O30: Capaian Proksi IKU 4 | P30: rata2 capaian proksi IKU 4
O31: Capaian IKU 1
O32: Capaian IKU 2
O33: Capaian IKU 3
O34: Capaian IKU 4
O35: Capaian Sasaran 1 | P35: rata2 capaian IKU 12
O36: Capaian Sasaran 2 | P36: rata2 capaian IKU 34
O37: Capaian Tujuan 1
O38: Capaian Tujuan 2
A40: ESELON II
A41: T1
B42: S1
C43: IKU 1 | E43: =FRA_input!E43 | F43: =FRA_input!F43 | G43: =FRA_input!G43 | H43: =FRA_input!H43 | I43: =FRA_input!I43 | J43: =FRA_input!J43 | K43: =FRA_input!K43 | L43: =FRA_input!L43 | ... AC43: =FRA_input!AC43
D44: Proksi 1.1 | E44: =FRA_input!E44 | F44: =FRA_input!F44 | G44: =FRA_input!G44 | H44: =FRA_input!H44 | I44: =FRA_input!I44 | J44: =FRA_input!J44 | K44: =FRA_input!K44 | L44: =FRA_input!L44 | ... AC44: =FRA_input!AC44
D45: Proksi 1.2 | E45: =FRA_input!E45 | F45: =FRA_input!F45 | G45: =FRA_input!G45 | H45: =FRA_input!H45 | I45: =FRA_input!I45 | J45: =FRA_input!J45 | K45: =FRA_input!K45 | L45: =FRA_input!L45 | ... AC45: =FRA_input!AC45
D46: Proksi 1.3 | E46: =FRA_input!E46 | F46: =FRA_input!F46 | G46: =FRA_input!G46 | H46: =FRA_input!H46 | I46: =FRA_input!I46 | J46: =FRA_input!J46 | K46: =FRA_input!K46 | L46: =FRA_input!L46 | ... AC46: =FRA_input!AC46
C47: IKU 2 | E47: =FRA_input!E47 | F47: =FRA_input!F47 | G47: =FRA_input!G47 | H47: =FRA_input!H47 | I47: =FRA_input!I47 | J47: =FRA_input!J47 | K47: =FRA_input!K47 | L47: =FRA_input!L47 | ... AC47: =FRA_input!AC47
D48: Proksi 2.1 | E48: =FRA_input!E48 | F48: =FRA_input!F48 | G48: =FRA_input!G48 | H48: =FRA_input!H48 | I48: =FRA_input!I48 | J48: =FRA_input!J48 | K48: =FRA_input!K48 | L48: =FRA_input!L48 | ... AC48: =FRA_input!AC48
D49: Proksi 2.2 | E49: =FRA_input!E49 | F49: =FRA_input!F49 | G49: =FRA_input!G49 | H49: =FRA_input!H49 | I49: =FRA_input!I49 | J49: =FRA_input!J49 | K49: =FRA_input!K49 | L49: =FRA_input!L49 | ... AC49: =FRA_input!AC49
D50: Proksi 2.3 | E50: =FRA_input!E50 | F50: =FRA_input!F50 | G50: =FRA_input!G50 | H50: =FRA_input!H50 | I50: =FRA_input!I50 | J50: =FRA_input!J50 | K50: =FRA_input!K50 | L50: =FRA_input!L50 | ... AC50: =FRA_input!AC50
A51: T2
B52: S2
C53: IKU 3 | E53: =FRA_input!E53 | F53: =FRA_input!F53 | G53: =FRA_input!G53 | H53: =FRA_input!H53 | I53: =FRA_input!I53 | J53: =FRA_input!J53 | K53: =FRA_input!K53 | L53: =FRA_input!L53 | ... AC53: =FRA_input!AC53
D54: Proksi 3.1 | E54: =FRA_input!E54 | F54: =FRA_input!F54 | G54: =FRA_input!G54 | H54: =FRA_input!H54 | I54: =FRA_input!I54 | J54: =FRA_input!J54 | K54: =FRA_input!K54 | L54: =FRA_input!L54 | ... AC54: =FRA_input!AC54
D55: Proksi 3.2 | E55: =FRA_input!E55 | F55: =FRA_input!F55 | G55: =FRA_input!G55 | H55: =FRA_input!H55 | I55: =FRA_input!I55 | J55: =FRA_input!J55 | K55: =FRA_input!K55 | L55: =FRA_input!L55 | ... AC55: =FRA_input!AC55
D56: Proksi 4.3 | E56: =FRA_input!E56 | F56: =FRA_input!F56 | G56: =FRA_input!G56 | H56: =FRA_input!H56 | I56: =FRA_input!I56 | J56: =FRA_input!J56 | K56: =FRA_input!K56 | L56: =FRA_input!L56 | ... AC56: =FRA_input!AC56
C57: IKU 4 | E57: =FRA_input!E57 | F57: =FRA_input!F57 | G57: =FRA_input!G57 | H57: =FRA_input!H57 | I57: =FRA_input!I57 | J57: =FRA_input!J57 | K57: =FRA_input!K57 | L57: =FRA_input!L57 | ... AC57: =FRA_input!AC57
D58: Proksi 5.1 | E58: =FRA_input!E58 | F58: =FRA_input!F58 | G58: =FRA_input!G58 | H58: =FRA_input!H58 | I58: =FRA_input!I58 | J58: =FRA_input!J58 | K58: =FRA_input!K58 | L58: =FRA_input!L58 | ... AC58: =FRA_input!AC58
D59: Proksi 5.2 | E59: =FRA_input!E59 | F59: =FRA_input!F59 | G59: =FRA_input!G59 | H59: =FRA_input!H59 | I59: =FRA_input!I59 | J59: =FRA_input!J59 | K59: =FRA_input!K59 | L59: =FRA_input!L59 | ... AC59: =FRA_input!AC59
D60: Proksi 2.3 | E60: =FRA_input!E60 | F60: =FRA_input!F60 | G60: =FRA_input!G60 | H60: =FRA_input!H60 | I60: =FRA_input!I60 | J60: =FRA_input!J60 | K60: =FRA_input!K60 | L60: =FRA_input!L60 | ... AC60: =FRA_input!AC60
D62: REPORT CAPAIAN KINERJA | O62: Capaian Proksi IKU 1 | P62: rata2 capaian proksi IKU 1
O63: Capaian Proksi IKU 2 | P63: rata2 capaian proksi IKU 2
O64: Capaian Proksi IKU 3 | P64: rata2 capaian proksi IKU 3
O65: Capaian Proksi IKU 4 | P65: rata2 capaian proksi IKU 4
O66: Capaian IKU 1
O67: Capaian IKU 2
O68: Capaian IKU 3
O69: Capaian IKU 4
O70: Capaian Sasaran 1 | P70: rata2 capaian IKU 12
O71: Capaian Sasaran 2 | P71: rata2 capaian IKU 34
O72: Capaian Tujuan 1
O73: Capaian Tujuan 2
